run_id,test_id,test_name,iteration,timestamp,metric_name,metric_value,unit,direction,notes
9b02e9cb-2406-4ba0-8d77-654569ec8093,71d86cd5-594a-486e-8cb1-39fa106f1623,ping,1,2026-03-04T16:30:00+00:00,rtt_ms,17.424,ms,NA,
9b02e9cb-2406-4ba0-8d77-654569ec8093,e32f317c-206f-44cc-aa8e-566db987c367,ping,1,2026-03-04T16:30:10+00:00,rtt_ms,18.29,ms,NA,
9b02e9cb-2406-4ba0-8d77-654569ec8093,c050eea9-db5d-445e-95c4-7be1aba0e70c,ping,1,2026-03-04T16:30:20+00:00,rtt_ms,19.41,ms,NA,
9b02e9cb-2406-4ba0-8d77-654569ec8093,a9fefaa6-21be-4fac-9a2f-a9a09a45c3dc,ping,2,2026-03-04T16:30:30+00:00,rtt_ms,23.332,ms,NA,
9b02e9cb-2406-4ba0-8d77-654569ec8093,bd9d5e02-0d55-4149-829d-a3d8542b569a,ping,2,2026-03-04T16:30:40+00:00,rtt_ms,20.405,ms,NA,
9b02e9cb-2406-4ba0-8d77-654569ec8093,cd0f422f-40e0-4284-b249-bf6ad1ed018e,ping,2,2026-03-04T16:30:50+00:00,rtt_ms,14.997,ms,NA,
9b02e9cb-2406-4ba0-8d77-654569ec8093,6aefd9e2-0481-4630-b67d-8f458bfc9c3f,ping,3,2026-03-04T16:31:00+00:00,rtt_ms,22.057,ms,NA,
9b02e9cb-2406-4ba0-8d77-654569ec8093,4cad47c6-c315-4977-939c-e627126b07fd,ping,3,2026-03-04T16:31:10+00:00,rtt_ms,19.1,ms,NA,
9b02e9cb-2406-4ba0-8d77-654569ec8093,5348958c-5a17-48fb-a424-e50d5bedf37f,ping,3,2026-03-04T16:31:20+00:00,rtt_ms,18.504,ms,NA,
9b02e9cb-2406-4ba0-8d77-654569ec8093,2356f51a-6b75-4455-a130-1224329e796c,ping,4,2026-03-04T16:31:30+00:00,rtt_ms,18.887,ms,NA,
9b02e9cb-2406-4ba0-8d77-654569ec8093,a7a696c3-2b6d-4e83-bec4-81d6a44b8939,ping,4,2026-03-04T16:31:40+00:00,rtt_ms,18.357,ms,NA,
9b02e9cb-2406-4ba0-8d77-654569ec8093,34c400a0-14f2-48dc-b2d6-63007cebf5e9,ping,4,2026-03-04T16:31:50+00:00,rtt_ms,21.15,ms,NA,
9b02e9cb-2406-4ba0-8d77-654569ec8093,621f7e1c-0c35-46d8-bc85-6a2d46c307ca,ping,5,2026-03-04T16:32:00+00:00,rtt_ms,18.356,ms,NA,
9b02e9cb-2406-4ba0-8d77-654569ec8093,fbbac047-fe52-452a-9526-de4f958ea56f,ping,5,2026-03-04T16:32:10+00:00,rtt_ms,15.655,ms,NA,
9b02e9cb-2406-4ba0-8d77-654569ec8093,20b02d30-4433-4627-8738-e6f853f232d8,ping,5,2026-03-04T16:32:20+00:00,rtt_ms,12.05,ms,NA,
9b02e9cb-2406-4ba0-8d77-654569ec8093,882a07b8-8c54-4e88-b45f-81da977a1ee0,ping,6,2026-03-04T16:32:30+00:00,rtt_ms,11.065,ms,NA,
9b02e9cb-2406-4ba0-8d77-654569ec8093,e876cef9-1aa4-4ccb-882d-f33543660a1f,ping,6,2026-03-04T16:32:40+00:00,rtt_ms,16.545,ms,NA,
9b02e9cb-2406-4ba0-8d77-654569ec8093,939afd04-deff-470c-9c10-c5dea7bac3ac,ping,6,2026-03-04T16:32:50+00:00,rtt_ms,21.51,ms,NA,
9b02e9cb-2406-4ba0-8d77-654569ec8093,0c86251d-c4e9-465f-9df8-f2b56b7fe994,ping,7,2026-03-04T16:33:00+00:00,rtt_ms,17.328,ms,NA,
9b02e9cb-2406-4ba0-8d77-654569ec8093,1c8cc9fa-7f15-40e6-8016-cae97cc3ca8a,ping,7,2026-03-04T16:33:10+00:00,rtt_ms,17.725,ms,NA,
9b02e9cb-2406-4ba0-8d77-654569ec8093,999f5fe4-aa41-401b-b951-b53aa5252a54,ping,7,2026-03-04T16:33:20+00:00,rtt_ms,21.25,ms,NA,
9b02e9cb-2406-4ba0-8d77-654569ec8093,acc41ab0-2bab-43fe-b1d2-b5aeeae3db42,ping,8,2026-03-04T16:33:30+00:00,rtt_ms,14.157,ms,NA,
9b02e9cb-2406-4ba0-8d77-654569ec8093,f523be80-a863-4b4a-a216-13ef208b5c84,ping,8,2026-03-04T16:33:40+00:00,rtt_ms,19.353,ms,NA,
9b02e9cb-2406-4ba0-8d77-654569ec8093,2f554111-ce2d-4a06-93aa-f2622f802246,ping,8,2026-03-04T16:33:50+00:00,rtt_ms,22.909,ms,NA,
9b02e9cb-2406-4ba0-8d77-654569ec8093,b6703cba-8cd9-4ab8-a70f-128da8022952,ping,9,2026-03-04T16:34:00+00:00,rtt_ms,24.462,ms,NA,
9b02e9cb-2406-4ba0-8d77-654569ec8093,a94aa31c-b400-45c7-821f-6e81b9728c72,ping,9,2026-03-04T16:34:10+00:00,rtt_ms,19.699,ms,NA,
9b02e9cb-2406-4ba0-8d77-654569ec8093,08f3958c-fb6e-4231-99f3-b238e9392831,ping,9,2026-03-04T16:34:20+00:00,rtt_ms,21.569,ms,NA,
9b02e9cb-2406-4ba0-8d77-654569ec8093,fb9cfeb9-c6ed-42c8-b41e-4115779e2f5c,ping,10,2026-03-04T16:34:30+00:00,rtt_ms,20.229,ms,NA,
9b02e9cb-2406-4ba0-8d77-654569ec8093,0f3e572c-c2b9-40ee-8ae1-22e8eef54c36,ping,10,2026-03-04T16:34:40+00:00,rtt_ms,21.403,ms,NA,
9b02e9cb-2406-4ba0-8d77-654569ec8093,97f8c143-5678-491e-84a2-b5b66d84b659,ping,10,2026-03-04T16:34:50+00:00,rtt_ms,12.829,ms,NA,
9b02e9cb-2406-4ba0-8d77-654569ec8093,6faa3fd9-1fa7-426b-9b68-e74385c8c216,ping,1,2026-03-04T16:30:00+00:00,loss_pct,0.485,%,NA,
9b02e9cb-2406-4ba0-8d77-654569ec8093,cfe6633f-2ce0-4ca9-8b1e-b733579d65be,ping,1,2026-03-04T16:30:10+00:00,loss_pct,0.173,%,NA,
9b02e9cb-2406-4ba0-8d77-654569ec8093,efac8222-cac2-413a-8a0d-36a9c38b9217,ping,1,2026-03-04T16:30:20+00:00,loss_pct,0.007,%,NA,
9b02e9cb-2406-4ba0-8d77-654569ec8093,7a0a2401-e25a-4761-90b0-9da97b123365,ping,2,2026-03-04T16:30:30+00:00,loss_pct,0.309,%,NA,
9b02e9cb-2406-4ba0-8d77-654569ec8093,6c39b0b4-56b1-4dea-b136-127f81ae9dfc,ping,2,2026-03-04T16:30:40+00:00,loss_pct,0.263,%,NA,
9b02e9cb-2406-4ba0-8d77-654569ec8093,61a8d494-11b9-459e-9aed-3a31c1a7f5ea,ping,2,2026-03-04T16:30:50+00:00,loss_pct,0.531,%,NA,
9b02e9cb-2406-4ba0-8d77-654569ec8093,4cef65b4-2b1d-46d7-bf83-69dd14dfc95c,ping,3,2026-03-04T16:31:00+00:00,loss_pct,0.5,%,NA,
9b02e9cb-2406-4ba0-8d77-654569ec8093,284d3be8-cc2a-457f-9d41-47d16818f71e,ping,3,2026-03-04T16:31:10+00:00,loss_pct,0.217,%,NA,
9b02e9cb-2406-4ba0-8d77-654569ec8093,2a9626db-f212-41cc-ac30-fc1048225721,ping,3,2026-03-04T16:31:20+00:00,loss_pct,0.527,%,NA,
9b02e9cb-2406-4ba0-8d77-654569ec8093,c1977c43-2277-44d8-afe0-2d8594207356,ping,4,2026-03-04T16:31:30+00:00,loss_pct,0.25,%,NA,
9b02e9cb-2406-4ba0-8d77-654569ec8093,07882a49-359f-4d33-9da6-a17e0740a800,ping,4,2026-03-04T16:31:40+00:00,loss_pct,0.387,%,NA,
9b02e9cb-2406-4ba0-8d77-654569ec8093,7c5ab0d4-4a32-4e6f-859a-8ff2bf0a02a6,ping,4,2026-03-04T16:31:50+00:00,loss_pct,0.356,%,NA,
9b02e9cb-2406-4ba0-8d77-654569ec8093,aa42e847-a7c8-415f-bd62-244e64cd1b7d,ping,5,2026-03-04T16:32:00+00:00,loss_pct,0.417,%,NA,
9b02e9cb-2406-4ba0-8d77-654569ec8093,3dbff7bd-9122-426f-a668-8c825a0f9188,ping,5,2026-03-04T16:32:10+00:00,loss_pct,0.523,%,NA,
9b02e9cb-2406-4ba0-8d77-654569ec8093,9cd2193a-13f5-4399-8a48-835d06feef8a,ping,5,2026-03-04T16:32:20+00:00,loss_pct,0.496,%,NA,
9b02e9cb-2406-4ba0-8d77-654569ec8093,c227337b-b3d0-4033-a498-c2ba8c8a7e24,ping,6,2026-03-04T16:32:30+00:00,loss_pct,0.452,%,NA,
9b02e9cb-2406-4ba0-8d77-654569ec8093,f4e134e1-792c-457e-9438-b7deaf75274c,ping,6,2026-03-04T16:32:40+00:00,loss_pct,0.497,%,NA,
9b02e9cb-2406-4ba0-8d77-654569ec8093,78c60053-98c4-4b52-9ce7-8e29b7adbe3e,ping,6,2026-03-04T16:32:50+00:00,loss_pct,0.472,%,NA,
9b02e9cb-2406-4ba0-8d77-654569ec8093,ff94b2c0-7e7e-4e85-be4f-6a4305e9b767,ping,7,2026-03-04T16:33:00+00:00,loss_pct,0.306,%,NA,
9b02e9cb-2406-4ba0-8d77-654569ec8093,648adbf9-f333-4192-9cce-1442b623f862,ping,7,2026-03-04T16:33:10+00:00,loss_pct,0.292,%,NA,
9b02e9cb-2406-4ba0-8d77-654569ec8093,2302a50e-618b-4d6f-8ebb-d796ee62d369,ping,7,2026-03-04T16:33:20+00:00,loss_pct,0.33,%,NA,
9b02e9cb-2406-4ba0-8d77-654569ec8093,ef9ad431-43f4-46fb-ad32-b773c2715391,ping,8,2026-03-04T16:33:30+00:00,loss_pct,0.475,%,NA,
9b02e9cb-2406-4ba0-8d77-654569ec8093,28ba3ff8-b937-40aa-8b77-95a3af8b1147,ping,8,2026-03-04T16:33:40+00:00,loss_pct,0.362,%,NA,
9b02e9cb-2406-4ba0-8d77-654569ec8093,b78f1b80-633f-408c-953a-08fa1c3cd5f0,ping,8,2026-03-04T16:33:50+00:00,loss_pct,0.75,%,NA,
9b02e9cb-2406-4ba0-8d77-654569ec8093,ddc83874-f45a-43fd-aaa2-ed97eadfdad7,ping,9,2026-03-04T16:34:00+00:00,loss_pct,0.277,%,NA,
9b02e9cb-2406-4ba0-8d77-654569ec8093,3d84ebaa-87f4-4445-aaa8-506b28cad14e,ping,9,2026-03-04T16:34:10+00:00,loss_pct,0.235,%,NA,
9b02e9cb-2406-4ba0-8d77-654569ec8093,bb5dd727-0d25-459e-9b10-b62ba9e30fd7,ping,9,2026-03-04T16:34:20+00:00,loss_pct,0.515,%,NA,
9b02e9cb-2406-4ba0-8d77-654569ec8093,649be236-4c76-4009-a575-091cae2842df,ping,10,2026-03-04T16:34:30+00:00,loss_pct,0.613,%,NA,
9b02e9cb-2406-4ba0-8d77-654569ec8093,38a3aa72-9e83-4725-af8d-468cdeeac0d3,ping,10,2026-03-04T16:34:40+00:00,loss_pct,0.476,%,NA,
9b02e9cb-2406-4ba0-8d77-654569ec8093,10bf6288-fe76-43b7-a7f6-e6044331c1d2,ping,10,2026-03-04T16:34:50+00:00,loss_pct,0.525,%,NA,
9b02e9cb-2406-4ba0-8d77-654569ec8093,73dad69a-e6ee-4f99-96d5-f588297e1b2f,iperf_tcp,1,2026-03-04T16:30:00+00:00,throughput_mbps,143.527,Mbps,UL,
9b02e9cb-2406-4ba0-8d77-654569ec8093,0e31be06-3f32-4ffc-9d9a-75477fba2399,iperf_tcp,1,2026-03-04T16:30:10+00:00,throughput_mbps,113.119,Mbps,UL,
9b02e9cb-2406-4ba0-8d77-654569ec8093,2bf3dec9-a834-43d1-bbb6-5ff9a5ab1954,iperf_tcp,1,2026-03-04T16:30:20+00:00,throughput_mbps,86.541,Mbps,UL,
9b02e9cb-2406-4ba0-8d77-654569ec8093,a1d6b3b8-fe9c-41f2-b1c7-3a0b905d2b53,iperf_tcp,2,2026-03-04T16:30:30+00:00,throughput_mbps,104.358,Mbps,UL,
9b02e9cb-2406-4ba0-8d77-654569ec8093,b0c71926-f4ff-440d-8746-05951cb9f355,iperf_tcp,2,2026-03-04T16:30:40+00:00,throughput_mbps,134.058,Mbps,UL,
9b02e9cb-2406-4ba0-8d77-654569ec8093,33715fe1-3847-4841-a836-7e139ff11775,iperf_tcp,2,2026-03-04T16:30:50+00:00,throughput_mbps,86.126,Mbps,UL,
9b02e9cb-2406-4ba0-8d77-654569ec8093,4126bc2e-cee1-4169-8c51-924557e158c1,iperf_tcp,3,2026-03-04T16:31:00+00:00,throughput_mbps,115.671,Mbps,UL,
9b02e9cb-2406-4ba0-8d77-654569ec8093,2ebf9840-655e-4cb7-aa40-5f20d794d37f,iperf_tcp,3,2026-03-04T16:31:10+00:00,throughput_mbps,120.065,Mbps,UL,
9b02e9cb-2406-4ba0-8d77-654569ec8093,3945f9d3-693c-4eaa-a623-05991d1ceb95,iperf_tcp,3,2026-03-04T16:31:20+00:00,throughput_mbps,108.688,Mbps,UL,
9b02e9cb-2406-4ba0-8d77-654569ec8093,f1f88f71-34e2-4a0f-9268-0e7cb240340b,iperf_tcp,4,2026-03-04T16:31:30+00:00,throughput_mbps,129.473,Mbps,UL,
9b02e9cb-2406-4ba0-8d77-654569ec8093,b4265e55-5656-4c20-a7d0-accb1e43073a,iperf_tcp,4,2026-03-04T16:31:40+00:00,throughput_mbps,126.616,Mbps,UL,
9b02e9cb-2406-4ba0-8d77-654569ec8093,0c6df872-895b-481f-b695-d9670fd2c4d4,iperf_tcp,4,2026-03-04T16:31:50+00:00,throughput_mbps,161.428,Mbps,UL,
9b02e9cb-2406-4ba0-8d77-654569ec8093,ecb32d4b-ec31-41c5-9ad3-ad3aac8661d3,iperf_tcp,5,2026-03-04T16:32:00+00:00,throughput_mbps,127.399,Mbps,UL,
9b02e9cb-2406-4ba0-8d77-654569ec8093,d58adbd6-7323-4954-81ed-5f09709bdede,iperf_tcp,5,2026-03-04T16:32:10+00:00,throughput_mbps,102.812,Mbps,UL,
9b02e9cb-2406-4ba0-8d77-654569ec8093,d630809c-d8e2-4285-818a-aa08c6f1ae95,iperf_tcp,5,2026-03-04T16:32:20+00:00,throughput_mbps,103.764,Mbps,UL,
9b02e9cb-2406-4ba0-8d77-654569ec8093,f847012e-990f-44da-8fce-0ef1e6f759b0,iperf_tcp,6,2026-03-04T16:32:30+00:00,throughput_mbps,98.368,Mbps,UL,
9b02e9cb-2406-4ba0-8d77-654569ec8093,671af147-ea60-4f40-8533-151113d4fdf5,iperf_tcp,6,2026-03-04T16:32:40+00:00,throughput_mbps,134.045,Mbps,UL,
9b02e9cb-2406-4ba0-8d77-654569ec8093,b20270b5-acae-4ffa-9063-30292e80096a,iperf_tcp,6,2026-03-04T16:32:50+00:00,throughput_mbps,103.663,Mbps,UL,
9b02e9cb-2406-4ba0-8d77-654569ec8093,6e568e4c-e837-4c74-b899-d55921485bb1,iperf_tcp,7,2026-03-04T16:33:00+00:00,throughput_mbps,113.595,Mbps,UL,
9b02e9cb-2406-4ba0-8d77-654569ec8093,c3021657-b51e-48f4-9727-a91f8b84ad79,iperf_tcp,7,2026-03-04T16:33:10+00:00,throughput_mbps,129.986,Mbps,UL,
9b02e9cb-2406-4ba0-8d77-654569ec8093,3df6eaf9-cc13-4728-b680-837a8418fdcb,iperf_tcp,7,2026-03-04T16:33:20+00:00,throughput_mbps,100.531,Mbps,UL,
9b02e9cb-2406-4ba0-8d77-654569ec8093,9f453892-a4b0-4e58-8801-a604832d1720,iperf_tcp,8,2026-03-04T16:33:30+00:00,throughput_mbps,109.127,Mbps,UL,
9b02e9cb-2406-4ba0-8d77-654569ec8093,fe44571e-ec56-4367-8e27-45b3e9d9b484,iperf_tcp,8,2026-03-04T16:33:40+00:00,throughput_mbps,78.174,Mbps,UL,
9b02e9cb-2406-4ba0-8d77-654569ec8093,dca4d158-c7fd-4302-95aa-c6097c26c3c4,iperf_tcp,8,2026-03-04T16:33:50+00:00,throughput_mbps,93.35,Mbps,UL,
9b02e9cb-2406-4ba0-8d77-654569ec8093,2ce0952e-29ff-4bc5-afdb-78818448dc9a,iperf_tcp,9,2026-03-04T16:34:00+00:00,throughput_mbps,103.645,Mbps,UL,
9b02e9cb-2406-4ba0-8d77-654569ec8093,38465784-63af-4d16-9fc9-b1f23e139efc,iperf_tcp,9,2026-03-04T16:34:10+00:00,throughput_mbps,123.315,Mbps,UL,
9b02e9cb-2406-4ba0-8d77-654569ec8093,1148256d-5a52-4b87-ba4e-6330f2e9fd29,iperf_tcp,9,2026-03-04T16:34:20+00:00,throughput_mbps,138.87,Mbps,UL,
9b02e9cb-2406-4ba0-8d77-654569ec8093,bd6bd4d1-f1b7-4f12-93e6-ecd243f6453e,iperf_tcp,10,2026-03-04T16:34:30+00:00,throughput_mbps,114.631,Mbps,UL,
9b02e9cb-2406-4ba0-8d77-654569ec8093,72eda642-d038-487c-bbd6-aeb03f4c7df1,iperf_tcp,10,2026-03-04T16:34:40+00:00,throughput_mbps,120.227,Mbps,UL,
9b02e9cb-2406-4ba0-8d77-654569ec8093,fa7c5480-da7c-40cd-8d0d-f8a240a2c281,iperf_tcp,10,2026-03-04T16:34:50+00:00,throughput_mbps,118.359,Mbps,UL,
9b02e9cb-2406-4ba0-8d77-654569ec8093,2d4aebc5-77c0-4def-90d9-7cdc1c17911f,iperf_tcp,1,2026-03-04T16:30:00+00:00,throughput_mbps,242.542,Mbps,DL,
9b02e9cb-2406-4ba0-8d77-654569ec8093,37484cc6-af5b-4330-8234-aefa628e050a,iperf_tcp,1,2026-03-04T16:30:10+00:00,throughput_mbps,236.801,Mbps,DL,
9b02e9cb-2406-4ba0-8d77-654569ec8093,2e6ad5ba-42d4-4107-a69f-a8af4f67ef55,iperf_tcp,1,2026-03-04T16:30:20+00:00,throughput_mbps,218.211,Mbps,DL,
9b02e9cb-2406-4ba0-8d77-654569ec8093,ec0ad8aa-71b8-4e37-a522-1b47e6c6af2f,iperf_tcp,2,2026-03-04T16:30:30+00:00,throughput_mbps,179.672,Mbps,DL,
9b02e9cb-2406-4ba0-8d77-654569ec8093,feb0642f-7f71-442a-b7c5-0ad043aeb396,iperf_tcp,2,2026-03-04T16:30:40+00:00,throughput_mbps,237.102,Mbps,DL,
9b02e9cb-2406-4ba0-8d77-654569ec8093,794d5ba1-2236-426b-acde-b5a34139c5f2,iperf_tcp,2,2026-03-04T16:30:50+00:00,throughput_mbps,221.431,Mbps,DL,
9b02e9cb-2406-4ba0-8d77-654569ec8093,c597686c-9004-41f8-bc68-1258a492331b,iperf_tcp,3,2026-03-04T16:31:00+00:00,throughput_mbps,246.808,Mbps,DL,
9b02e9cb-2406-4ba0-8d77-654569ec8093,fd803692-c7ee-4d6d-81a9-a5163157bca9,iperf_tcp,3,2026-03-04T16:31:10+00:00,throughput_mbps,209.103,Mbps,DL,
9b02e9cb-2406-4ba0-8d77-654569ec8093,d449e786-b2ed-4b9f-94b0-018c597ad2d5,iperf_tcp,3,2026-03-04T16:31:20+00:00,throughput_mbps,268.593,Mbps,DL,
9b02e9cb-2406-4ba0-8d77-654569ec8093,ed2cb040-6817-410c-8b40-bb4e6025140d,iperf_tcp,4,2026-03-04T16:31:30+00:00,throughput_mbps,199.234,Mbps,DL,
9b02e9cb-2406-4ba0-8d77-654569ec8093,53bd1704-efca-4c01-8691-32f757a18d09,iperf_tcp,4,2026-03-04T16:31:40+00:00,throughput_mbps,257.792,Mbps,DL,
9b02e9cb-2406-4ba0-8d77-654569ec8093,d84e59be-a9d6-4f21-96bc-c12160eb6986,iperf_tcp,4,2026-03-04T16:31:50+00:00,throughput_mbps,213.454,Mbps,DL,
9b02e9cb-2406-4ba0-8d77-654569ec8093,bb6dbf4f-7dea-4f24-9ee6-6fc3be182ef8,iperf_tcp,5,2026-03-04T16:32:00+00:00,throughput_mbps,194.512,Mbps,DL,
9b02e9cb-2406-4ba0-8d77-654569ec8093,6983973d-8696-45b6-8a94-597cf6abba6f,iperf_tcp,5,2026-03-04T16:32:10+00:00,throughput_mbps,176.147,Mbps,DL,
9b02e9cb-2406-4ba0-8d77-654569ec8093,5442640d-e076-4e0d-baa7-c802c94d6f18,iperf_tcp,5,2026-03-04T16:32:20+00:00,throughput_mbps,205.469,Mbps,DL,
9b02e9cb-2406-4ba0-8d77-654569ec8093,876e1f95-1535-498e-8b95-2aa779509d5e,iperf_tcp,6,2026-03-04T16:32:30+00:00,throughput_mbps,252.7,Mbps,DL,
9b02e9cb-2406-4ba0-8d77-654569ec8093,80fa468f-0a2a-49e0-abcd-aed851f914f4,iperf_tcp,6,2026-03-04T16:32:40+00:00,throughput_mbps,234.491,Mbps,DL,
9b02e9cb-2406-4ba0-8d77-654569ec8093,e1cc9fed-b5c1-491d-96f6-7297bba73288,iperf_tcp,6,2026-03-04T16:32:50+00:00,throughput_mbps,230.667,Mbps,DL,
9b02e9cb-2406-4ba0-8d77-654569ec8093,db7628df-d97b-4bcb-b6e1-90a81dcaa273,iperf_tcp,7,2026-03-04T16:33:00+00:00,throughput_mbps,138.724,Mbps,DL,
9b02e9cb-2406-4ba0-8d77-654569ec8093,76a8af5c-874c-4aa0-834e-4ebb0e8f40d2,iperf_tcp,7,2026-03-04T16:33:10+00:00,throughput_mbps,231.329,Mbps,DL,
9b02e9cb-2406-4ba0-8d77-654569ec8093,ba9c8e15-b7d0-405d-a3a1-f7d327322e3b,iperf_tcp,7,2026-03-04T16:33:20+00:00,throughput_mbps,226.676,Mbps,DL,
9b02e9cb-2406-4ba0-8d77-654569ec8093,3a83b21c-58f1-4601-99db-b1ec66359ebe,iperf_tcp,8,2026-03-04T16:33:30+00:00,throughput_mbps,193.502,Mbps,DL,
9b02e9cb-2406-4ba0-8d77-654569ec8093,34d764bb-1503-4711-834e-58ae6fa2f6d1,iperf_tcp,8,2026-03-04T16:33:40+00:00,throughput_mbps,191.178,Mbps,DL,
9b02e9cb-2406-4ba0-8d77-654569ec8093,c6bf59f0-73b9-4e67-bccb-81751ba7076c,iperf_tcp,8,2026-03-04T16:33:50+00:00,throughput_mbps,209.931,Mbps,DL,
9b02e9cb-2406-4ba0-8d77-654569ec8093,3e38d2bc-ffe2-400e-8a48-ed7bc53f93e7,iperf_tcp,9,2026-03-04T16:34:00+00:00,throughput_mbps,261.746,Mbps,DL,
9b02e9cb-2406-4ba0-8d77-654569ec8093,0197d50e-be63-40a3-8314-0f75d3be3386,iperf_tcp,9,2026-03-04T16:34:10+00:00,throughput_mbps,178.347,Mbps,DL,
9b02e9cb-2406-4ba0-8d77-654569ec8093,b587e359-ef40-4a71-a595-481e05b11002,iperf_tcp,9,2026-03-04T16:34:20+00:00,throughput_mbps,197.166,Mbps,DL,
9b02e9cb-2406-4ba0-8d77-654569ec8093,6d043ec2-cf45-4092-8c72-8e9e2b0f1d86,iperf_tcp,10,2026-03-04T16:34:30+00:00,throughput_mbps,250.854,Mbps,DL,
9b02e9cb-2406-4ba0-8d77-654569ec8093,4d878b18-fbfc-40c5-91ac-8ea8d6b0f664,iperf_tcp,10,2026-03-04T16:34:40+00:00,throughput_mbps,196.615,Mbps,DL,
9b02e9cb-2406-4ba0-8d77-654569ec8093,eda9c3b2-950b-4488-bd3f-46ca1a91e15e,iperf_tcp,10,2026-03-04T16:34:50+00:00,throughput_mbps,199.072,Mbps,DL,
9b02e9cb-2406-4ba0-8d77-654569ec8093,d1535c9f-d0e8-452e-95f6-3c93980f1282,iperf_udp,1,2026-03-04T16:30:00+00:00,jitter_ms,1.139,ms,UL,
9b02e9cb-2406-4ba0-8d77-654569ec8093,f95155c1-12a3-4aad-a31f-74f88d73c308,iperf_udp,1,2026-03-04T16:30:10+00:00,jitter_ms,0.603,ms,UL,
9b02e9cb-2406-4ba0-8d77-654569ec8093,71c7d9f6-8f39-4cfd-b264-26e01809fa92,iperf_udp,1,2026-03-04T16:30:20+00:00,jitter_ms,1.188,ms,UL,
9b02e9cb-2406-4ba0-8d77-654569ec8093,0b13c0ef-8a60-4eeb-b08d-d9d003fca231,iperf_udp,2,2026-03-04T16:30:30+00:00,jitter_ms,0.616,ms,UL,
9b02e9cb-2406-4ba0-8d77-654569ec8093,e9c32b1f-80e5-4e44-80da-80bc64364eb3,iperf_udp,2,2026-03-04T16:30:40+00:00,jitter_ms,1.454,ms,UL,
9b02e9cb-2406-4ba0-8d77-654569ec8093,7dc61841-9545-4b0a-95d3-8f5353b5b76e,iperf_udp,2,2026-03-04T16:30:50+00:00,jitter_ms,1.101,ms,UL,
9b02e9cb-2406-4ba0-8d77-654569ec8093,1684779d-f91b-49ad-ad1e-40817711015d,iperf_udp,3,2026-03-04T16:31:00+00:00,jitter_ms,2.013,ms,UL,
9b02e9cb-2406-4ba0-8d77-654569ec8093,6936ae58-064b-4d0f-a2bc-479465a88aff,iperf_udp,3,2026-03-04T16:31:10+00:00,jitter_ms,1.212,ms,UL,
9b02e9cb-2406-4ba0-8d77-654569ec8093,538ba676-4e27-4c3b-8de7-8d16597a1cf8,iperf_udp,3,2026-03-04T16:31:20+00:00,jitter_ms,1.646,ms,UL,
9b02e9cb-2406-4ba0-8d77-654569ec8093,1c134ce6-c169-4721-a9db-7967f7cbad0f,iperf_udp,4,2026-03-04T16:31:30+00:00,jitter_ms,0.579,ms,UL,
9b02e9cb-2406-4ba0-8d77-654569ec8093,b1785394-9c1a-4952-82f5-292190c27f84,iperf_udp,4,2026-03-04T16:31:40+00:00,jitter_ms,1.051,ms,UL,
9b02e9cb-2406-4ba0-8d77-654569ec8093,6a2dd170-2e53-463d-b4ed-a44486ed9aab,iperf_udp,4,2026-03-04T16:31:50+00:00,jitter_ms,1.229,ms,UL,
9b02e9cb-2406-4ba0-8d77-654569ec8093,c172d6b5-3989-43d8-bc4e-02c2bb1f2657,iperf_udp,5,2026-03-04T16:32:00+00:00,jitter_ms,1.798,ms,UL,
9b02e9cb-2406-4ba0-8d77-654569ec8093,e6b428ef-a168-4548-b33b-7e8b8359cfb3,iperf_udp,5,2026-03-04T16:32:10+00:00,jitter_ms,0.428,ms,UL,
9b02e9cb-2406-4ba0-8d77-654569ec8093,67265b12-138f-4092-8d94-157ffb64598b,iperf_udp,5,2026-03-04T16:32:20+00:00,jitter_ms,1.496,ms,UL,
9b02e9cb-2406-4ba0-8d77-654569ec8093,4f620354-69e6-4c6e-8b15-d33686fbd17d,iperf_udp,6,2026-03-04T16:32:30+00:00,jitter_ms,1.337,ms,UL,
9b02e9cb-2406-4ba0-8d77-654569ec8093,4845a349-f2cb-4551-b91e-02c0a645d167,iperf_udp,6,2026-03-04T16:32:40+00:00,jitter_ms,1.713,ms,UL,
9b02e9cb-2406-4ba0-8d77-654569ec8093,90f39539-f0f0-46ae-a93e-afb76dd4a688,iperf_udp,6,2026-03-04T16:32:50+00:00,jitter_ms,1.385,ms,UL,
9b02e9cb-2406-4ba0-8d77-654569ec8093,9da00b01-a185-4e7e-ba08-7a02420909f0,iperf_udp,7,2026-03-04T16:33:00+00:00,jitter_ms,1.121,ms,UL,
9b02e9cb-2406-4ba0-8d77-654569ec8093,12b22130-58e0-4b43-9643-7720fb4ef7f3,iperf_udp,7,2026-03-04T16:33:10+00:00,jitter_ms,0.891,ms,UL,
9b02e9cb-2406-4ba0-8d77-654569ec8093,8dc52f0b-28cd-483c-8713-7d831a70af65,iperf_udp,7,2026-03-04T16:33:20+00:00,jitter_ms,0.601,ms,UL,
9b02e9cb-2406-4ba0-8d77-654569ec8093,cab211b8-d9ff-4834-a7da-782b045fd967,iperf_udp,8,2026-03-04T16:33:30+00:00,jitter_ms,1.178,ms,UL,
9b02e9cb-2406-4ba0-8d77-654569ec8093,04d62f06-d2da-4d88-ac73-f35410e5f7a0,iperf_udp,8,2026-03-04T16:33:40+00:00,jitter_ms,1.023,ms,UL,
9b02e9cb-2406-4ba0-8d77-654569ec8093,d55a9289-52a3-4cda-a884-29e57dd11951,iperf_udp,8,2026-03-04T16:33:50+00:00,jitter_ms,1.908,ms,UL,
9b02e9cb-2406-4ba0-8d77-654569ec8093,f6c3c59e-7dd1-444a-b8a3-f94053f497ca,iperf_udp,9,2026-03-04T16:34:00+00:00,jitter_ms,0.856,ms,UL,
9b02e9cb-2406-4ba0-8d77-654569ec8093,56494ca7-0edd-4dac-bee6-73a7c88e657c,iperf_udp,9,2026-03-04T16:34:10+00:00,jitter_ms,1.228,ms,UL,
9b02e9cb-2406-4ba0-8d77-654569ec8093,f80e78df-a5d7-4131-8970-c2127291fa36,iperf_udp,9,2026-03-04T16:34:20+00:00,jitter_ms,0.472,ms,UL,
9b02e9cb-2406-4ba0-8d77-654569ec8093,67981b88-7088-4424-a4e5-e627c6c5c2db,iperf_udp,10,2026-03-04T16:34:30+00:00,jitter_ms,0.942,ms,UL,
9b02e9cb-2406-4ba0-8d77-654569ec8093,0c1e8e10-c229-4fd4-a954-1c57caccc5bc,iperf_udp,10,2026-03-04T16:34:40+00:00,jitter_ms,1.204,ms,UL,
9b02e9cb-2406-4ba0-8d77-654569ec8093,90b31eb2-8b19-4709-8945-151109c4c4ec,iperf_udp,10,2026-03-04T16:34:50+00:00,jitter_ms,1.43,ms,UL,
9b02e9cb-2406-4ba0-8d77-654569ec8093,1226b11e-8045-4902-8a23-6e58af386d52,iperf_udp,1,2026-03-04T16:30:00+00:00,loss_pct,0.345,%,UL,
9b02e9cb-2406-4ba0-8d77-654569ec8093,1e7a9c77-f584-4216-859d-f044fb69472d,iperf_udp,1,2026-03-04T16:30:10+00:00,loss_pct,0.196,%,UL,
9b02e9cb-2406-4ba0-8d77-654569ec8093,4a6f4d4e-a742-4fd4-a431-f9f0cbfad638,iperf_udp,1,2026-03-04T16:30:20+00:00,loss_pct,0.088,%,UL,
9b02e9cb-2406-4ba0-8d77-654569ec8093,2ec506b8-b567-4bae-9261-ed1eec66ab6c,iperf_udp,2,2026-03-04T16:30:30+00:00,loss_pct,0.246,%,UL,
9b02e9cb-2406-4ba0-8d77-654569ec8093,8f517edb-dafd-4a19-b22b-f545b9cd768b,iperf_udp,2,2026-03-04T16:30:40+00:00,loss_pct,0.252,%,UL,
9b02e9cb-2406-4ba0-8d77-654569ec8093,5deaaa89-b470-4b12-9c3d-3714b4100cfd,iperf_udp,2,2026-03-04T16:30:50+00:00,loss_pct,0.249,%,UL,
9b02e9cb-2406-4ba0-8d77-654569ec8093,64639f9d-04c1-4fad-91ab-298380b147da,iperf_udp,3,2026-03-04T16:31:00+00:00,loss_pct,0.13,%,UL,
9b02e9cb-2406-4ba0-8d77-654569ec8093,8fcfd926-2852-4559-97c3-6fe907706020,iperf_udp,3,2026-03-04T16:31:10+00:00,loss_pct,0.313,%,UL,
9b02e9cb-2406-4ba0-8d77-654569ec8093,4b735548-271d-4e68-9615-d2d9f0a02afb,iperf_udp,3,2026-03-04T16:31:20+00:00,loss_pct,0.209,%,UL,
9b02e9cb-2406-4ba0-8d77-654569ec8093,e5df6922-3ebc-4d97-b914-ce3795a2d2b8,iperf_udp,4,2026-03-04T16:31:30+00:00,loss_pct,0.27,%,UL,
9b02e9cb-2406-4ba0-8d77-654569ec8093,e260d352-08f5-47cd-bd53-2fb2d4db01dd,iperf_udp,4,2026-03-04T16:31:40+00:00,loss_pct,0.327,%,UL,
9b02e9cb-2406-4ba0-8d77-654569ec8093,bc4492e2-b3b2-45c2-8afa-327d02cc873b,iperf_udp,4,2026-03-04T16:31:50+00:00,loss_pct,0.261,%,UL,
9b02e9cb-2406-4ba0-8d77-654569ec8093,840a8196-db60-4fbf-a500-ae341190be7f,iperf_udp,5,2026-03-04T16:32:00+00:00,loss_pct,0.229,%,UL,
9b02e9cb-2406-4ba0-8d77-654569ec8093,750fdcc1-6ca0-4cb9-95a5-43ee6b8ad8be,iperf_udp,5,2026-03-04T16:32:10+00:00,loss_pct,0.415,%,UL,
9b02e9cb-2406-4ba0-8d77-654569ec8093,1969c426-3a61-4ba1-a894-6db76062fe6e,iperf_udp,5,2026-03-04T16:32:20+00:00,loss_pct,0.224,%,UL,
9b02e9cb-2406-4ba0-8d77-654569ec8093,3d020955-2518-4a36-be46-764e79682869,iperf_udp,6,2026-03-04T16:32:30+00:00,loss_pct,0.17,%,UL,
9b02e9cb-2406-4ba0-8d77-654569ec8093,861fbb5d-7e96-4843-add7-b41e6f857073,iperf_udp,6,2026-03-04T16:32:40+00:00,loss_pct,0.211,%,UL,
9b02e9cb-2406-4ba0-8d77-654569ec8093,1d2824b3-e5a7-4e9f-85d1-e0e22d40fc76,iperf_udp,6,2026-03-04T16:32:50+00:00,loss_pct,0.348,%,UL,
9b02e9cb-2406-4ba0-8d77-654569ec8093,360584e7-03a6-433b-a849-8a31a9a14321,iperf_udp,7,2026-03-04T16:33:00+00:00,loss_pct,0.212,%,UL,
9b02e9cb-2406-4ba0-8d77-654569ec8093,0a4843af-73fb-4aef-9b2a-f255b64a3b83,iperf_udp,7,2026-03-04T16:33:10+00:00,loss_pct,0.252,%,UL,
9b02e9cb-2406-4ba0-8d77-654569ec8093,89d1312c-46d2-4812-b380-680710416cd3,iperf_udp,7,2026-03-04T16:33:20+00:00,loss_pct,0.32,%,UL,
9b02e9cb-2406-4ba0-8d77-654569ec8093,6ae512c0-64e0-4b31-b786-c0c1f9798185,iperf_udp,8,2026-03-04T16:33:30+00:00,loss_pct,0.149,%,UL,
9b02e9cb-2406-4ba0-8d77-654569ec8093,c64efe63-6862-4d0c-a0af-efa0aae0f0f9,iperf_udp,8,2026-03-04T16:33:40+00:00,loss_pct,0.027,%,UL,
9b02e9cb-2406-4ba0-8d77-654569ec8093,76e48175-b88c-44a7-92d3-6d41bb2577c4,iperf_udp,8,2026-03-04T16:33:50+00:00,loss_pct,0.23,%,UL,
9b02e9cb-2406-4ba0-8d77-654569ec8093,09806b96-c708-465a-9424-f411974582f9,iperf_udp,9,2026-03-04T16:34:00+00:00,loss_pct,0.223,%,UL,
9b02e9cb-2406-4ba0-8d77-654569ec8093,f977b0aa-c2a3-4cbb-890e-92cbada8c9ef,iperf_udp,9,2026-03-04T16:34:10+00:00,loss_pct,0.139,%,UL,
9b02e9cb-2406-4ba0-8d77-654569ec8093,ff0211dd-5309-425e-94f9-da1c9b456d92,iperf_udp,9,2026-03-04T16:34:20+00:00,loss_pct,0.287,%,UL,
9b02e9cb-2406-4ba0-8d77-654569ec8093,88ec6b3a-bf66-47dd-b062-c5711e60497c,iperf_udp,10,2026-03-04T16:34:30+00:00,loss_pct,0.261,%,UL,
9b02e9cb-2406-4ba0-8d77-654569ec8093,2178bf00-f5bb-4190-ac4f-fab5c91d6c38,iperf_udp,10,2026-03-04T16:34:40+00:00,loss_pct,0.101,%,UL,
9b02e9cb-2406-4ba0-8d77-654569ec8093,aef0bc6d-6925-40c9-ad44-920a5445cdb6,iperf_udp,10,2026-03-04T16:34:50+00:00,loss_pct,0.252,%,UL,
9b02e9cb-2406-4ba0-8d77-654569ec8093,f2f86b64-f58b-4667-bfa3-3349a26ce473,tcp_connect,1,2026-03-04T16:30:00+00:00,connect_time_ms,23.019,ms,NA,
9b02e9cb-2406-4ba0-8d77-654569ec8093,17c36ef7-9db9-4aab-bcc4-a4ff6252ac04,tcp_connect,1,2026-03-04T16:30:10+00:00,connect_time_ms,16.585,ms,NA,
9b02e9cb-2406-4ba0-8d77-654569ec8093,c76ab480-5a73-430a-95f7-f58ddabf8b56,tcp_connect,1,2026-03-04T16:30:20+00:00,connect_time_ms,26.265,ms,NA,
9b02e9cb-2406-4ba0-8d77-654569ec8093,f8c0ca72-0075-4101-a918-e000d0b1e840,tcp_connect,2,2026-03-04T16:30:30+00:00,connect_time_ms,23.774,ms,NA,
9b02e9cb-2406-4ba0-8d77-654569ec8093,85d6455d-1f7c-49d5-9b20-2b498d4d49cd,tcp_connect,2,2026-03-04T16:30:40+00:00,connect_time_ms,20.274,ms,NA,
9b02e9cb-2406-4ba0-8d77-654569ec8093,dbe0a4d4-5ecf-40f1-a397-5410623d5ede,tcp_connect,2,2026-03-04T16:30:50+00:00,connect_time_ms,26.615,ms,NA,
9b02e9cb-2406-4ba0-8d77-654569ec8093,b5ebe276-ce45-4f50-b56b-92dd5a4f2acd,tcp_connect,3,2026-03-04T16:31:00+00:00,connect_time_ms,26.44,ms,NA,
9b02e9cb-2406-4ba0-8d77-654569ec8093,6f475e01-742f-4a52-8985-2908dfbe0b3e,tcp_connect,3,2026-03-04T16:31:10+00:00,connect_time_ms,21.112,ms,NA,
9b02e9cb-2406-4ba0-8d77-654569ec8093,092df303-b128-4ddc-9ef7-cdf787acd5fe,tcp_connect,3,2026-03-04T16:31:20+00:00,connect_time_ms,26.002,ms,NA,
9b02e9cb-2406-4ba0-8d77-654569ec8093,6be169d8-aa94-4016-9d1d-26d5d867aba8,tcp_connect,4,2026-03-04T16:31:30+00:00,connect_time_ms,29.075,ms,NA,
9b02e9cb-2406-4ba0-8d77-654569ec8093,408701b7-629e-4a5f-bba2-eb111c5f7b34,tcp_connect,4,2026-03-04T16:31:40+00:00,connect_time_ms,20.437,ms,NA,
9b02e9cb-2406-4ba0-8d77-654569ec8093,0231fd00-df9b-411a-9b12-8ffbe527c01e,tcp_connect,4,2026-03-04T16:31:50+00:00,connect_time_ms,25.904,ms,NA,
9b02e9cb-2406-4ba0-8d77-654569ec8093,99368429-d0ed-431e-a197-db425ad61e59,tcp_connect,5,2026-03-04T16:32:00+00:00,connect_time_ms,24.014,ms,NA,
9b02e9cb-2406-4ba0-8d77-654569ec8093,d91bf4f6-77bd-4ec4-a694-1c5581b107b3,tcp_connect,5,2026-03-04T16:32:10+00:00,connect_time_ms,35.33,ms,NA,
9b02e9cb-2406-4ba0-8d77-654569ec8093,b362ff58-7c72-4c79-b5c9-6cf226d88c47,tcp_connect,5,2026-03-04T16:32:20+00:00,connect_time_ms,14.688,ms,NA,
9b02e9cb-2406-4ba0-8d77-654569ec8093,da385900-2ca3-48fc-ab6e-8c4ce2c00249,tcp_connect,6,2026-03-04T16:32:30+00:00,connect_time_ms,27.476,ms,NA,
9b02e9cb-2406-4ba0-8d77-654569ec8093,e05cb830-3e17-4cf1-b937-295435332057,tcp_connect,6,2026-03-04T16:32:40+00:00,connect_time_ms,22.469,ms,NA,
9b02e9cb-2406-4ba0-8d77-654569ec8093,c69ba50b-d6eb-4db3-a740-736c360e6a43,tcp_connect,6,2026-03-04T16:32:50+00:00,connect_time_ms,23.499,ms,NA,
9b02e9cb-2406-4ba0-8d77-654569ec8093,1185abdb-376b-4792-8913-6cd5db2cc58a,tcp_connect,7,2026-03-04T16:33:00+00:00,connect_time_ms,33.508,ms,NA,
9b02e9cb-2406-4ba0-8d77-654569ec8093,6e455b63-4123-48b2-9a83-e3c61db60f07,tcp_connect,7,2026-03-04T16:33:10+00:00,connect_time_ms,23.957,ms,NA,
9b02e9cb-2406-4ba0-8d77-654569ec8093,c5ebf204-f8f7-4f27-8b8d-c2618bed7c49,tcp_connect,7,2026-03-04T16:33:20+00:00,connect_time_ms,35.205,ms,NA,
9b02e9cb-2406-4ba0-8d77-654569ec8093,adaa9a73-2991-4b93-b548-35dcd34fe00d,tcp_connect,8,2026-03-04T16:33:30+00:00,connect_time_ms,21.789,ms,NA,
9b02e9cb-2406-4ba0-8d77-654569ec8093,af5c978d-a8b0-4dd0-8209-dd7ceddf0130,tcp_connect,8,2026-03-04T16:33:40+00:00,connect_time_ms,25.753,ms,NA,
9b02e9cb-2406-4ba0-8d77-654569ec8093,7126f6d8-4f66-46d7-811d-6ead95f79d2d,tcp_connect,8,2026-03-04T16:33:50+00:00,connect_time_ms,21.546,ms,NA,
9b02e9cb-2406-4ba0-8d77-654569ec8093,1f5cd9bc-9f1d-4719-9a2e-7787e4d50894,tcp_connect,9,2026-03-04T16:34:00+00:00,connect_time_ms,20.547,ms,NA,
9b02e9cb-2406-4ba0-8d77-654569ec8093,7a12952a-5c53-4b08-a2b2-c5311e01f409,tcp_connect,9,2026-03-04T16:34:10+00:00,connect_time_ms,24.312,ms,NA,
9b02e9cb-2406-4ba0-8d77-654569ec8093,a08163b0-5a1c-4337-941e-2bb116b8e0b4,tcp_connect,9,2026-03-04T16:34:20+00:00,connect_time_ms,22.587,ms,NA,
9b02e9cb-2406-4ba0-8d77-654569ec8093,0af7d266-4337-48d9-a49a-5c8aac81de1f,tcp_connect,10,2026-03-04T16:34:30+00:00,connect_time_ms,25.012,ms,NA,
9b02e9cb-2406-4ba0-8d77-654569ec8093,e8e04f48-34f6-4c35-bb9d-71afcda23109,tcp_connect,10,2026-03-04T16:34:40+00:00,connect_time_ms,13.475,ms,NA,
9b02e9cb-2406-4ba0-8d77-654569ec8093,fed789d7-159f-4181-9183-8cdafb9ed8e8,tcp_connect,10,2026-03-04T16:34:50+00:00,connect_time_ms,34.012,ms,NA,
9b02e9cb-2406-4ba0-8d77-654569ec8093,5cdfa2d1-d6d4-410d-90b2-8c03441c1060,bufferbloat,1,2026-03-04T16:30:00+00:00,rtt_idle_p50,17.666,ms,NA,
9b02e9cb-2406-4ba0-8d77-654569ec8093,8064cb7f-d319-4308-a907-0b3f88d39aa8,bufferbloat,1,2026-03-04T16:30:10+00:00,rtt_idle_p50,22.467,ms,NA,
9b02e9cb-2406-4ba0-8d77-654569ec8093,543447e4-1809-4fb5-9aeb-80f46b48d078,bufferbloat,1,2026-03-04T16:30:20+00:00,rtt_idle_p50,17.841,ms,NA,
9b02e9cb-2406-4ba0-8d77-654569ec8093,4e4cc9d9-1d04-4215-b0c1-f06f1f578dd0,bufferbloat,2,2026-03-04T16:30:30+00:00,rtt_idle_p50,21.109,ms,NA,
9b02e9cb-2406-4ba0-8d77-654569ec8093,96de0d6b-c44e-4c1c-b6fa-3146445d33c6,bufferbloat,2,2026-03-04T16:30:40+00:00,rtt_idle_p50,27.246,ms,NA,
9b02e9cb-2406-4ba0-8d77-654569ec8093,172dae15-f7b8-4667-a668-041e927efb5a,bufferbloat,2,2026-03-04T16:30:50+00:00,rtt_idle_p50,19.247,ms,NA,
9b02e9cb-2406-4ba0-8d77-654569ec8093,8c3e421f-41c8-4c10-a4c6-18e83cf809fb,bufferbloat,3,2026-03-04T16:31:00+00:00,rtt_idle_p50,17.737,ms,NA,
9b02e9cb-2406-4ba0-8d77-654569ec8093,181d0caf-868c-43da-be58-8a8e661f3dff,bufferbloat,3,2026-03-04T16:31:10+00:00,rtt_idle_p50,19.076,ms,NA,
9b02e9cb-2406-4ba0-8d77-654569ec8093,0b96fc45-bb4e-4a05-b754-ce0a9f24fce3,bufferbloat,3,2026-03-04T16:31:20+00:00,rtt_idle_p50,20.317,ms,NA,
9b02e9cb-2406-4ba0-8d77-654569ec8093,bb8d1bca-f6f3-466d-84cf-884a411e8998,bufferbloat,4,2026-03-04T16:31:30+00:00,rtt_idle_p50,19.81,ms,NA,
9b02e9cb-2406-4ba0-8d77-654569ec8093,217f4107-4f37-433b-9780-49903afaeb98,bufferbloat,4,2026-03-04T16:31:40+00:00,rtt_idle_p50,20.009,ms,NA,
9b02e9cb-2406-4ba0-8d77-654569ec8093,be32c779-61a5-48fe-b5ba-74321a5ca54d,bufferbloat,4,2026-03-04T16:31:50+00:00,rtt_idle_p50,15.982,ms,NA,
9b02e9cb-2406-4ba0-8d77-654569ec8093,12416abf-e6ec-42c9-a1a5-99bef67aad2b,bufferbloat,5,2026-03-04T16:32:00+00:00,rtt_idle_p50,12.525,ms,NA,
9b02e9cb-2406-4ba0-8d77-654569ec8093,7be9ddb5-fb2f-47e4-a901-778fba4a6370,bufferbloat,5,2026-03-04T16:32:10+00:00,rtt_idle_p50,14.343,ms,NA,
9b02e9cb-2406-4ba0-8d77-654569ec8093,bd78ce30-b11b-4b49-a69b-8aa49c8015f3,bufferbloat,5,2026-03-04T16:32:20+00:00,rtt_idle_p50,17.484,ms,NA,
9b02e9cb-2406-4ba0-8d77-654569ec8093,12752bd2-c0f1-4371-9604-75d0111cd880,bufferbloat,6,2026-03-04T16:32:30+00:00,rtt_idle_p50,16.055,ms,NA,
9b02e9cb-2406-4ba0-8d77-654569ec8093,a2dbf1d3-3ad3-4ccd-9d79-17c1c1639978,bufferbloat,6,2026-03-04T16:32:40+00:00,rtt_idle_p50,11.646,ms,NA,
9b02e9cb-2406-4ba0-8d77-654569ec8093,a11340bc-1944-44b5-a4b7-fd79d7cf7e8d,bufferbloat,6,2026-03-04T16:32:50+00:00,rtt_idle_p50,16.195,ms,NA,
9b02e9cb-2406-4ba0-8d77-654569ec8093,e8000c75-38c3-44db-9a70-1a42b3113f68,bufferbloat,7,2026-03-04T16:33:00+00:00,rtt_idle_p50,19.958,ms,NA,
9b02e9cb-2406-4ba0-8d77-654569ec8093,0310395d-bfe3-489f-804e-dd5a6f835510,bufferbloat,7,2026-03-04T16:33:10+00:00,rtt_idle_p50,22.403,ms,NA,
9b02e9cb-2406-4ba0-8d77-654569ec8093,855eabd5-f984-4598-9758-8db5d5b377b2,bufferbloat,7,2026-03-04T16:33:20+00:00,rtt_idle_p50,20.246,ms,NA,
9b02e9cb-2406-4ba0-8d77-654569ec8093,83c6c37b-2aa2-424c-84ed-552d6c8ecaa3,bufferbloat,8,2026-03-04T16:33:30+00:00,rtt_idle_p50,20.59,ms,NA,
9b02e9cb-2406-4ba0-8d77-654569ec8093,c70f0cb7-f443-4c91-81d2-fedf437e07c3,bufferbloat,8,2026-03-04T16:33:40+00:00,rtt_idle_p50,18.122,ms,NA,
9b02e9cb-2406-4ba0-8d77-654569ec8093,5e51fedc-9f77-4230-b380-1c1545d76bed,bufferbloat,8,2026-03-04T16:33:50+00:00,rtt_idle_p50,19.261,ms,NA,
9b02e9cb-2406-4ba0-8d77-654569ec8093,f3ac218a-0173-44e5-bc9e-66ee021e166f,bufferbloat,9,2026-03-04T16:34:00+00:00,rtt_idle_p50,21.062,ms,NA,
9b02e9cb-2406-4ba0-8d77-654569ec8093,270a28df-4770-4293-8120-5493508ae406,bufferbloat,9,2026-03-04T16:34:10+00:00,rtt_idle_p50,21.668,ms,NA,
9b02e9cb-2406-4ba0-8d77-654569ec8093,2b26113a-1253-4e73-aa76-3b66340f9c0f,bufferbloat,9,2026-03-04T16:34:20+00:00,rtt_idle_p50,21.223,ms,NA,
9b02e9cb-2406-4ba0-8d77-654569ec8093,1085e7e3-af4f-4552-b902-d2e2542487da,bufferbloat,10,2026-03-04T16:34:30+00:00,rtt_idle_p50,18.28,ms,NA,
9b02e9cb-2406-4ba0-8d77-654569ec8093,c51c6e47-aa52-47de-aaf4-227c31fd5c50,bufferbloat,10,2026-03-04T16:34:40+00:00,rtt_idle_p50,15.97,ms,NA,
9b02e9cb-2406-4ba0-8d77-654569ec8093,3fe53f89-3b11-4e01-848c-518ab0853728,bufferbloat,10,2026-03-04T16:34:50+00:00,rtt_idle_p50,15.726,ms,NA,
9b02e9cb-2406-4ba0-8d77-654569ec8093,3f40241d-ff5c-4a4a-90be-ccb8c9a7384a,bufferbloat,1,2026-03-04T16:30:00+00:00,rtt_load_p50,37.744,ms,NA,
9b02e9cb-2406-4ba0-8d77-654569ec8093,e144dd3c-78c1-414b-9d6d-d7354d5a5622,bufferbloat,1,2026-03-04T16:30:10+00:00,rtt_load_p50,53.129,ms,NA,
9b02e9cb-2406-4ba0-8d77-654569ec8093,3256f8af-792d-4e8d-bd14-4d61cf59718e,bufferbloat,1,2026-03-04T16:30:20+00:00,rtt_load_p50,30.357,ms,NA,
9b02e9cb-2406-4ba0-8d77-654569ec8093,e888ae19-f0ee-4c7f-af27-34dc2d8cb7a0,bufferbloat,2,2026-03-04T16:30:30+00:00,rtt_load_p50,46.858,ms,NA,
9b02e9cb-2406-4ba0-8d77-654569ec8093,5106ae0f-1553-4540-b1b7-6e0a6c1e7307,bufferbloat,2,2026-03-04T16:30:40+00:00,rtt_load_p50,53.515,ms,NA,
9b02e9cb-2406-4ba0-8d77-654569ec8093,8cd46fa1-bbfd-41a4-bfa8-d1c04173613c,bufferbloat,2,2026-03-04T16:30:50+00:00,rtt_load_p50,62.162,ms,NA,
9b02e9cb-2406-4ba0-8d77-654569ec8093,5c6f061d-8c63-4356-8cbf-27829e834758,bufferbloat,3,2026-03-04T16:31:00+00:00,rtt_load_p50,50.298,ms,NA,
9b02e9cb-2406-4ba0-8d77-654569ec8093,49f32648-9606-4e76-8e7c-cc71e90920d9,bufferbloat,3,2026-03-04T16:31:10+00:00,rtt_load_p50,57.18,ms,NA,
9b02e9cb-2406-4ba0-8d77-654569ec8093,7746c0b0-4576-45a3-9cc7-1a0f50ac1ec6,bufferbloat,3,2026-03-04T16:31:20+00:00,rtt_load_p50,45.18,ms,NA,
9b02e9cb-2406-4ba0-8d77-654569ec8093,407278eb-b86f-4ab1-b24f-320274a57650,bufferbloat,4,2026-03-04T16:31:30+00:00,rtt_load_p50,41.468,ms,NA,
9b02e9cb-2406-4ba0-8d77-654569ec8093,94f7b075-44be-439e-8847-43cf00660bc0,bufferbloat,4,2026-03-04T16:31:40+00:00,rtt_load_p50,41.033,ms,NA,
9b02e9cb-2406-4ba0-8d77-654569ec8093,3593ac64-6387-4a53-bc55-8b1816be3bf8,bufferbloat,4,2026-03-04T16:31:50+00:00,rtt_load_p50,57.715,ms,NA,
9b02e9cb-2406-4ba0-8d77-654569ec8093,e12e93af-a7ec-4d6d-9ecb-b8298ea1f281,bufferbloat,5,2026-03-04T16:32:00+00:00,rtt_load_p50,52.683,ms,NA,
9b02e9cb-2406-4ba0-8d77-654569ec8093,bcdc5386-9a00-4b49-89e4-349cb2922bf8,bufferbloat,5,2026-03-04T16:32:10+00:00,rtt_load_p50,48.112,ms,NA,
9b02e9cb-2406-4ba0-8d77-654569ec8093,16b11232-d163-4556-aabb-4a738d6e0d6c,bufferbloat,5,2026-03-04T16:32:20+00:00,rtt_load_p50,70.645,ms,NA,
9b02e9cb-2406-4ba0-8d77-654569ec8093,0303ca10-e8fc-4e1f-8609-04dfcf71c503,bufferbloat,6,2026-03-04T16:32:30+00:00,rtt_load_p50,43.864,ms,NA,
9b02e9cb-2406-4ba0-8d77-654569ec8093,7fe7b6c9-e32b-4809-92c7-02d3e75789ba,bufferbloat,6,2026-03-04T16:32:40+00:00,rtt_load_p50,49.523,ms,NA,
9b02e9cb-2406-4ba0-8d77-654569ec8093,1f0a5fe3-334b-4f97-a17a-b0fade2df769,bufferbloat,6,2026-03-04T16:32:50+00:00,rtt_load_p50,47.726,ms,NA,
9b02e9cb-2406-4ba0-8d77-654569ec8093,53ffc6d5-6733-4eaf-b0be-b503bbb27a71,bufferbloat,7,2026-03-04T16:33:00+00:00,rtt_load_p50,44.387,ms,NA,
9b02e9cb-2406-4ba0-8d77-654569ec8093,9610e5af-2013-4899-97ae-837108f6a4de,bufferbloat,7,2026-03-04T16:33:10+00:00,rtt_load_p50,65.68,ms,NA,
9b02e9cb-2406-4ba0-8d77-654569ec8093,9ed1dbb2-d6a9-477a-ab28-4373d70545e8,bufferbloat,7,2026-03-04T16:33:20+00:00,rtt_load_p50,60.175,ms,NA,
9b02e9cb-2406-4ba0-8d77-654569ec8093,6af77fbe-67a5-4550-9480-b6d98c0e8080,bufferbloat,8,2026-03-04T16:33:30+00:00,rtt_load_p50,37.775,ms,NA,
9b02e9cb-2406-4ba0-8d77-654569ec8093,4fc16350-ef72-4c93-bb74-90d995c389c9,bufferbloat,8,2026-03-04T16:33:40+00:00,rtt_load_p50,46.404,ms,NA,
9b02e9cb-2406-4ba0-8d77-654569ec8093,318f10a9-116c-455b-8717-8f6ebfa1cdde,bufferbloat,8,2026-03-04T16:33:50+00:00,rtt_load_p50,53.374,ms,NA,
9b02e9cb-2406-4ba0-8d77-654569ec8093,1decb026-6fdf-4316-9392-15d766f37177,bufferbloat,9,2026-03-04T16:34:00+00:00,rtt_load_p50,56.234,ms,NA,
9b02e9cb-2406-4ba0-8d77-654569ec8093,2bce8acd-fcda-4cb5-b24c-5b51720fee31,bufferbloat,9,2026-03-04T16:34:10+00:00,rtt_load_p50,38.874,ms,NA,
9b02e9cb-2406-4ba0-8d77-654569ec8093,f87ff273-cce7-4276-9b3e-a42ad37f200c,bufferbloat,9,2026-03-04T16:34:20+00:00,rtt_load_p50,31.018,ms,NA,
9b02e9cb-2406-4ba0-8d77-654569ec8093,26afaa64-1f47-4a3f-990b-ef1f04207f0a,bufferbloat,10,2026-03-04T16:34:30+00:00,rtt_load_p50,32.985,ms,NA,
9b02e9cb-2406-4ba0-8d77-654569ec8093,6a443aea-81e3-4c84-8570-36d0ede2f3a4,bufferbloat,10,2026-03-04T16:34:40+00:00,rtt_load_p50,46.705,ms,NA,
9b02e9cb-2406-4ba0-8d77-654569ec8093,6607b976-9dcf-44fe-9913-9ce03c5da4dd,bufferbloat,10,2026-03-04T16:34:50+00:00,rtt_load_p50,45.456,ms,NA,
9b02e9cb-2406-4ba0-8d77-654569ec8093,f6aa7235-9dff-4291-9c08-e9518e605a92,bufferbloat,1,2026-03-04T16:30:00+00:00,rtt_increase_ms,31.417,ms,NA,
9b02e9cb-2406-4ba0-8d77-654569ec8093,7b96984c-6112-4bfe-b1c4-802d13a20eba,bufferbloat,1,2026-03-04T16:30:10+00:00,rtt_increase_ms,24.594,ms,NA,
9b02e9cb-2406-4ba0-8d77-654569ec8093,278336cd-482c-46b3-b6e0-d72d0660dc00,bufferbloat,1,2026-03-04T16:30:20+00:00,rtt_increase_ms,22.285,ms,NA,
9b02e9cb-2406-4ba0-8d77-654569ec8093,ed64979c-1c74-44ee-abc8-9203c8a9a5fb,bufferbloat,2,2026-03-04T16:30:30+00:00,rtt_increase_ms,17.363,ms,NA,
9b02e9cb-2406-4ba0-8d77-654569ec8093,e7f69ddf-fba4-428c-8b99-50603337ac07,bufferbloat,2,2026-03-04T16:30:40+00:00,rtt_increase_ms,34.22,ms,NA,
9b02e9cb-2406-4ba0-8d77-654569ec8093,fda79555-0a52-4763-bd06-90b0dc4701a4,bufferbloat,2,2026-03-04T16:30:50+00:00,rtt_increase_ms,34.577,ms,NA,
9b02e9cb-2406-4ba0-8d77-654569ec8093,2bca1c2b-4929-42ba-b3a9-9ed69abc4b9b,bufferbloat,3,2026-03-04T16:31:00+00:00,rtt_increase_ms,38.679,ms,NA,
9b02e9cb-2406-4ba0-8d77-654569ec8093,5400fdfe-7737-4bdc-878c-0f18ca32d27f,bufferbloat,3,2026-03-04T16:31:10+00:00,rtt_increase_ms,36.705,ms,NA,
9b02e9cb-2406-4ba0-8d77-654569ec8093,b9452418-4049-488f-94d6-c672536dc727,bufferbloat,3,2026-03-04T16:31:20+00:00,rtt_increase_ms,29.037,ms,NA,
9b02e9cb-2406-4ba0-8d77-654569ec8093,5dba36fa-7130-4ed4-b182-e26696d6e97e,bufferbloat,4,2026-03-04T16:31:30+00:00,rtt_increase_ms,38.868,ms,NA,
9b02e9cb-2406-4ba0-8d77-654569ec8093,2415a11d-1acd-489c-819e-c1f3380cd715,bufferbloat,4,2026-03-04T16:31:40+00:00,rtt_increase_ms,27.474,ms,NA,
9b02e9cb-2406-4ba0-8d77-654569ec8093,861f54e9-c9b7-482e-b2b2-d6bd452c2a8a,bufferbloat,4,2026-03-04T16:31:50+00:00,rtt_increase_ms,22.87,ms,NA,
9b02e9cb-2406-4ba0-8d77-654569ec8093,5833dec2-1a17-4b02-8967-26f11684c4c0,bufferbloat,5,2026-03-04T16:32:00+00:00,rtt_increase_ms,23.086,ms,NA,
9b02e9cb-2406-4ba0-8d77-654569ec8093,df1b59c7-2e4c-4de7-934f-2b40ecb851af,bufferbloat,5,2026-03-04T16:32:10+00:00,rtt_increase_ms,22.119,ms,NA,
9b02e9cb-2406-4ba0-8d77-654569ec8093,e503a381-47dd-4670-939d-c1b71842f3cd,bufferbloat,5,2026-03-04T16:32:20+00:00,rtt_increase_ms,10.843,ms,NA,
9b02e9cb-2406-4ba0-8d77-654569ec8093,44b57b20-b272-4681-8ca5-efd679a0c1d2,bufferbloat,6,2026-03-04T16:32:30+00:00,rtt_increase_ms,27.218,ms,NA,
9b02e9cb-2406-4ba0-8d77-654569ec8093,ef94101a-7f65-4ee6-9b8d-3af020d63c6b,bufferbloat,6,2026-03-04T16:32:40+00:00,rtt_increase_ms,28.309,ms,NA,
9b02e9cb-2406-4ba0-8d77-654569ec8093,a5a853c7-1c08-44aa-b516-fa8a97b2e069,bufferbloat,6,2026-03-04T16:32:50+00:00,rtt_increase_ms,24.73,ms,NA,
9b02e9cb-2406-4ba0-8d77-654569ec8093,71f3b862-9f1f-43ac-a092-4f33bbb0a3f2,bufferbloat,7,2026-03-04T16:33:00+00:00,rtt_increase_ms,23.165,ms,NA,
9b02e9cb-2406-4ba0-8d77-654569ec8093,a26c3744-d2f5-46bc-ad4f-86ba5b49e731,bufferbloat,7,2026-03-04T16:33:10+00:00,rtt_increase_ms,31.753,ms,NA,
9b02e9cb-2406-4ba0-8d77-654569ec8093,0cab549f-fa9c-4524-acaa-b1f27ae65f1f,bufferbloat,7,2026-03-04T16:33:20+00:00,rtt_increase_ms,42.141,ms,NA,
9b02e9cb-2406-4ba0-8d77-654569ec8093,36b8f2d0-37a7-41e1-81b0-3334952950fb,bufferbloat,8,2026-03-04T16:33:30+00:00,rtt_increase_ms,31.239,ms,NA,
9b02e9cb-2406-4ba0-8d77-654569ec8093,1cd1a281-c153-4904-b479-347b98f05df4,bufferbloat,8,2026-03-04T16:33:40+00:00,rtt_increase_ms,28.049,ms,NA,
9b02e9cb-2406-4ba0-8d77-654569ec8093,961d6ba7-dd8e-44e8-94a6-db9375348e2e,bufferbloat,8,2026-03-04T16:33:50+00:00,rtt_increase_ms,27.807,ms,NA,
9b02e9cb-2406-4ba0-8d77-654569ec8093,daa1815e-f85f-454e-a950-85d97f391a48,bufferbloat,9,2026-03-04T16:34:00+00:00,rtt_increase_ms,31.48,ms,NA,
9b02e9cb-2406-4ba0-8d77-654569ec8093,8b36afec-4e24-4379-bd51-320d7f9979ea,bufferbloat,9,2026-03-04T16:34:10+00:00,rtt_increase_ms,22.809,ms,NA,
9b02e9cb-2406-4ba0-8d77-654569ec8093,c053a64d-c873-4a58-b88d-851f2d1c46bd,bufferbloat,9,2026-03-04T16:34:20+00:00,rtt_increase_ms,30.186,ms,NA,
9b02e9cb-2406-4ba0-8d77-654569ec8093,53436029-7f8f-4043-8f1e-3ae31768110b,bufferbloat,10,2026-03-04T16:34:30+00:00,rtt_increase_ms,30.665,ms,NA,
9b02e9cb-2406-4ba0-8d77-654569ec8093,d3b74a17-e011-436f-b866-c9eff5cf9bad,bufferbloat,10,2026-03-04T16:34:40+00:00,rtt_increase_ms,42.187,ms,NA,
9b02e9cb-2406-4ba0-8d77-654569ec8093,533b9356-79aa-426a-a768-d12eba2e16ce,bufferbloat,10,2026-03-04T16:34:50+00:00,rtt_increase_ms,34.886,ms,NA,
